{
  "objective": "binary:logistic",
  "device": "cuda",
  "verbosity": 1,
  "eval_metric": "logloss",
  "booster": "gbtree",
  "max_depth": 6,
  "learning_rate": 0.021855889849578664,
  "n_estimators": 830,
  "min_child_weight": 2,
  "gamma": 1.3941960242952833,
  "subsample": 0.8785739787237201,
  "sampling_method": "uniform",
  "colsample_bytree": 0.8122103213478572,
  "colsample_bylevel": 0.6211201986204787,
  "colsample_bynode": 0.6875310438553031,
  "alpha": 0.00039116012432011273,
  "lambda": 6.318135372824816e-06,
  "scale_pos_weight": 4.306729237206141,
  "grow_policy": "depthwise",
  "max_leaves": 60,
  "max_bin": 384
}
