{
    "precision": 0.8854166666666666,
    "recall": 0.8854166666666666,
    "f1": 0.8854166666666666
}
