{
    "objective": "binary:logistic",
    "device": "cuda",
    "verbosity": 1,
    "eval_metric": "logloss",
    "booster": "dart",
    "max_depth": 6,
    "learning_rate": 0.14670846775978483,
    "n_estimators": 439,
    "min_child_weight": 2,
    "gamma": 6.132156238871705,
    "subsample": 0.8836616012403755,
    "sampling_method": "gradient_based",
    "colsample_bytree": 0.9714121096008967,
    "colsample_bylevel": 0.6241494570629733,
    "colsample_bynode": 0.950771955929675,
    "alpha": 0.0344031684984053,
    "lambda": 7.743356210681074e-06,
    "scale_pos_weight": 4.730971676946723,
    "grow_policy": "lossguide",
    "max_leaves": 135,
    "max_bin": 306,
    "sample_type": "weighted",
    "normalize_type": "tree",
    "rate_drop": 0.35413840868460467,
    "skip_drop": 0.03126551578097936
}